{
  "total_frames": 1105,
  "stages": {
    "component_init_pose": {
      "stage_name": "component_init_pose",
      "total_time": 1.484384536743164,
      "frame_count": 1105,
      "fps": 744.4162699406999,
      "memory_peak": 88.17578125
    },
    "component_init_tracker": {
      "stage_name": "component_init_tracker",
      "total_time": 0.0006101131439208984,
      "frame_count": 1105,
      "fps": 1811139.4763579522,
      "memory_peak": 88.17578125
    },
    "component_init_classifier": {
      "stage_name": "component_init_classifier",
      "total_time": 0.5025293827056885,
      "frame_count": 1105,
      "fps": 2198.876400123164,
      "memory_peak": 93.67236328125
    },
    "component_init_overlay": {
      "stage_name": "component_init_overlay",
      "total_time": 0.028153657913208008,
      "frame_count": 1105,
      "fps": 39248.896303510184,
      "memory_peak": 93.67236328125
    },
    "pose_estimation": {
      "stage_name": "pose_estimation",
      "total_time": 93.84126853942871,
      "frame_count": 1105,
      "fps": 11.775203140350975,
      "memory_peak": 101.81298828125
    },
    "tracking_preparation": {
      "stage_name": "tracking_preparation",
      "total_time": 0.21677875518798828,
      "frame_count": 1105,
      "fps": 5097.36297286953,
      "memory_peak": 101.81298828125
    },
    "tracking_processing": {
      "stage_name": "tracking_processing",
      "total_time": 1.5498266220092773,
      "frame_count": 1105,
      "fps": 712.9829777781333,
      "memory_peak": 101.81298828125
    },
    "stgcn_classification": {
      "stage_name": "stgcn_classification",
      "total_time": 4.947695732116699,
      "frame_count": 1105,
      "fps": 223.33628820931239,
      "memory_peak": 101.81298828125
    },
    "overlay_generation": {
      "stage_name": "overlay_generation",
      "total_time": 5.0701377391815186,
      "frame_count": 1105,
      "fps": 217.94279698964985,
      "memory_peak": 101.81298828125
    }
  },
  "bottlenecks": [
    {
      "stage": "pose_estimation",
      "time": 93.84126853942871,
      "percentage": 87.17954388180125,
      "fps": 11.775203140350975
    }
  ],
  "recommendations": [
    "전체 FPS 10.3fps로 성능 개선 필요 (목표: 20-30fps)",
    "포즈 추정 최적화: 배치 처리, 해상도 조정, 모델 최적화 고려"
  ],
  "total_processing_time": 105.62866926193237,
  "overall_fps": 10.461175055229367,
  "video_info": {
    "path": "/aivanas/raw/surveillance/action/violence/action_recognition/data/UCF_Crime_test/Fight/Fighting033_x264.mp4",
    "frames": 1105,
    "classification": {
      "prediction": 1,
      "confidence": 0.7250389647152689,
      "prediction_label": "Fight",
      "final_score": 0.7227083032502574,
      "window_results": [
        {
          "pred": 0,
          "scores": [
            0.6831099390983582,
            0.316890150308609
          ]
        },
        {
          "pred": 0,
          "scores": [
            0.5799772143363953,
            0.42002278566360474
          ]
        },
        {
          "pred": 0,
          "scores": [
            0.5683664679527283,
            0.4316335618495941
          ]
        },
        {
          "pred": 0,
          "scores": [
            0.5119195580482483,
            0.4880805015563965
          ]
        },
        {
          "pred": 1,
          "scores": [
            0.3107649087905884,
            0.6892351508140564
          ]
        },
        {
          "pred": 1,
          "scores": [
            0.44870027899742126,
            0.5512996912002563
          ]
        },
        {
          "pred": 0,
          "scores": [
            0.6362313628196716,
            0.36376866698265076
          ]
        },
        {
          "pred": 0,
          "scores": [
            0.5419163703918457,
            0.4580836296081543
          ]
        },
        {
          "pred": 0,
          "scores": [
            0.5854218006134033,
            0.41457825899124146
          ]
        },
        {
          "pred": 1,
          "scores": [
            0.27420544624328613,
            0.7257945537567139
          ]
        },
        {
          "pred": 1,
          "scores": [
            0.35488051176071167,
            0.6451195478439331
          ]
        },
        {
          "pred": 0,
          "scores": [
            0.5533491373062134,
            0.446650892496109
          ]
        },
        {
          "pred": 1,
          "scores": [
            0.08886547386646271,
            0.9111345410346985
          ]
        },
        {
          "pred": 1,
          "scores": [
            0.22003069519996643,
            0.779969334602356
          ]
        },
        {
          "pred": 0,
          "scores": [
            0.6533741354942322,
            0.3466258943080902
          ]
        },
        {
          "pred": 1,
          "scores": [
            0.3428329825401306,
            0.6571670770645142
          ]
        },
        {
          "pred": 1,
          "scores": [
            0.29393333196640015,
            0.7060667276382446
          ]
        },
        {
          "pred": 1,
          "scores": [
            0.4648590087890625,
            0.5351409912109375
          ]
        },
        {
          "pred": 1,
          "scores": [
            0.2590472400188446,
            0.7409527897834778
          ]
        },
        {
          "pred": 1,
          "scores": [
            0.2171296626329422,
            0.7828704118728638
          ]
        },
        {
          "pred": 1,
          "scores": [
            0.197625994682312,
            0.802374005317688
          ]
        },
        {
          "pred": 0,
          "scores": [
            0.6331314444541931,
            0.3668685555458069
          ]
        },
        {
          "pred": 0,
          "scores": [
            0.541891872882843,
            0.45810815691947937
          ]
        },
        {
          "pred": 0,
          "scores": [
            0.6985964179039001,
            0.30140355229377747
          ]
        },
        {
          "pred": 0,
          "scores": [
            0.6359056830406189,
            0.3640943169593811
          ]
        },
        {
          "pred": 1,
          "scores": [
            0.10181906074285507,
            0.8981809616088867
          ]
        },
        {
          "pred": 1,
          "scores": [
            0.023974135518074036,
            0.9760258793830872
          ]
        },
        {
          "pred": 0,
          "scores": [
            0.5486443638801575,
            0.4513556659221649
          ]
        },
        {
          "pred": 0,
          "scores": [
            0.54197096824646,
            0.45802900195121765
          ]
        },
        {
          "pred": 1,
          "scores": [
            0.44888392090797424,
            0.5511161088943481
          ]
        },
        {
          "pred": 1,
          "scores": [
            0.4558011591434479,
            0.5441988706588745
          ]
        },
        {
          "pred": 1,
          "scores": [
            0.20700238645076752,
            0.7929975986480713
          ]
        },
        {
          "pred": 1,
          "scores": [
            0.24583463370800018,
            0.7541653513908386
          ]
        },
        {
          "pred": 0,
          "scores": [
            0.5230297446250916,
            0.47697028517723083
          ]
        },
        {
          "pred": 1,
          "scores": [
            0.20642748475074768,
            0.7935725450515747
          ]
        },
        {
          "pred": 1,
          "scores": [
            0.3184560537338257,
            0.6815439462661743
          ]
        },
        {
          "pred": 0,
          "scores": [
            0.5710769891738892,
            0.4289230406284332
          ]
        },
        {
          "pred": 0,